USE Escola;

INSERT INTO Aluno (Nome, Idade, Sexo, Media, Frequencia, Rua, Num, CEP, Monitor, Monitorado) 
VALUES ('Marina Hoffmann', 19, 'F', 8.2, 94.49, 'Avenida Presidente Kennedy', 263, '54420-050', NULL, NULL),
       ('Maria Julia Gomes', 20, 'F', 9.0, 70.0, 'Rua Dom Pedro II', 765, '05032-110', NULL, NULL),
       ('Tiago Cavalcanti', 43, 'M', 8.0, 100.0, 'Rua Benjamin Constant', 248, '08112-890', NULL, NULL),
       ('Julia Moscariello Câmara', 19, 'F', 9.0, 95.0, 'Rua São Pedro', 214, '04012-030', NULL, NULL),
       ('Júlia Araújo', 19, 'F', 8.0, 100.0, 'Rua Amendoim', 505, '29257-450', NULL, NULL),
       ('Manuela Pitanga', 19, 'F', 8.0, 88.0, 'Avenida Brasil', 1032, '51020-450', NULL, NULL),
       ('João Mafra', 19, 'M', 9.0, 100.0, 'Rua Frei Caneca', 512, '10134-020', NULL, NULL),
       ('Wilson Lourenco Fraga Filho', 19, 'M', 7.0, 80.0, 'Rua Padre Cícero', 640, '10012-620', NULL, NULL),
       ('Alana Vitória', 21, 'F', 7.0, 80.0, 'Rua José Bonifácio', 987, '07056-330', NULL, NULL),
       ('Sara Paterson', 20, 'F', 8.5, 100.0, 'Avenida Independência', 120, '08078-410', NULL, NULL),
       ('Catarina', 20, 'F', 8.0, 60.0, 'Avenida Getúlio Vargas', 820, '03156-340', NULL, NULL),
       ('Artur da Fonte', 18, 'M', 8.6, 98.84, 'Avenida Santo Antônio', 374, '09123-910', NULL, NULL),
       ('Gustavo Ferreira Oliveira', 20, 'M', 7.0, 100.0, 'Rua Santo Amaro', 667, '30147-560', NULL, NULL),
       ('Carlos Augusto', 20, 'M', 9.0, 95.0, 'Rua São João', 502, '06189-670', NULL, NULL),
       ('Beatriz Amaral', 24, 'F', 8.0, 90.0, 'Rua das Acácias', 157, '04167-450', NULL, NULL),
       ('Maria Helena', 21, 'F', 10.0, 70.0, 'Rua da Aurora', 305, '29136-450', NULL, NULL),
       ('Lavínia Silva', 22, 'F', 7.95, 93.77, 'Avenida Recife', 484, '24189-410', NULL, NULL),
       ('Lucas Campos Rodrigues', 20, 'M', 7.0, 90.0, 'Rua Projetada Leste', 595, '25190-520', NULL, NULL),
       ('João Astle', 20, 'M', 8.0, 90.0, 'Rua Joaquim Nabuco', 74, '50070-030', NULL, NULL),
       ('Lucas', 18, 'M', 8.9, 100.0, 'Avenida Norte Miguel Arraes', 3555, '52040-002', NULL, NULL),
       ('Rafael Araùjo Nóbrega', 16, 'M', 6.0, 10.0, 'Rua das Andorinhas', 412, '27115-230', NULL, NULL),
       ('Fernanda Alvarez Castro Bené Assis', 18, 'F', 9.0, 70.0, 'Rua das Flores', 582, '54715-120', NULL, NULL),
       ('Luanne Fernandes', 19, 'F', 9.0, 100.0, 'Rua da Liberdade', 430, '06045-220', NULL, NULL),
       ('Mateus Henrique', 19, 'M', 7.0, 100.0, 'Rua Joaquim Nabuco', 133, '07190-780', NULL, NULL),
       ('Maria Fernanda', 22, 'F', 7.0, 100.0, 'Rua Santa Cruz', 311, '09089-500', NULL, NULL),
       ('Adrian Michael', 20, 'M', 8.0, 97.0, 'Rua Monte Castelo', 121, '21156-080', NULL, NULL),
       ('Julia', 18, 'F', 7.0, 96.0, 'Rua Marechal Deodoro', 299, '05178-560', NULL, NULL),
       ('Miguel Arcanjo', 19, 'M', 7.0, 95.0, 'Avenida Tiradentes', 928, '28125-340', NULL, NULL),
       ('João Henrique', 20, 'M', 7.0, 100.0, 'Rua Sete de Setembro', 242, '22167-190', NULL, NULL),
       ('Marcus', 19, 'M', 8.0, 97.0, 'Rua das Palmeiras', 195, '01135-070', NULL, NULL),
       ('Neto', 19, 'M', 6.0, 99.0, 'Rua Frei Cassimiro', 189, '53130-180', NULL, NULL),
       ('Pedro Vinícius Cordeiro Monteiro', 19, 'M', 8.0, 100.0, 'Rua do Sossego', 221, '50050-080', NULL, NULL),
       ('Davi', 20, 'M', 7.0, 60.0, 'Rua General Abreu e Lima', 37, '53120-220', NULL, NULL),
       ('Thiago', 20, 'M', 7.0, 85.0, 'Rua Dom Pedro II', 450, '50060-120', NULL, NULL),
       ('Luiz Gustavo', 20, 'M', 9.0, 85.0, 'Avenida Boa Viagem', 908, '51021-300', NULL, NULL),
       ('Luiz Cláudio', 21, 'M', 7.21, 93.33, 'Rua das Flores', 112, '52031-045', NULL, NULL),
       ('Vítor César Santos Andrade', 19, 'M', 8.45, 95.0, 'Rua XV de Novembro', 411, '02145-230', NULL, NULL),
       ('Maria Alice Escobar', 19, 'F', 8.0, 75.0, 'Rua Bela Vista', 726, '26101-630', NULL, NULL),
       ('Guilherme Mourão', 22, 'M', 8.0, 92.0, 'Rua Floriano Peixoto', 363, '23178-300', NULL, NULL);

INSERT INTO Pesquisa (Id_Aluno, Qtd_Disciplinas, Freq_Recurso, Nvl_Estresse, Freq_Estudo) VALUES
(1, 6, 2, 'Moderado', 2),
(2, 6, 2, 'Alto', 2),
(3, 6, 4, 'Moderado', 2),
(4, 6, 1, 'Moderado', 2),
(5, 4, 2, 'Alto', 6),
(6, 8, NULL, 'Nenhum', 2),
(7, 6, 1, 'Alto', 0),
(8, 13, 1, 'Moderado', 0),
(9, 4, 2, 'Alto', 0),
(10, 5, 1, 'Moderado', 0),
(11, 6, 1, 'Moderado', 2),
(12, 6, 1, 'Moderado', 2),
(13, 7, 4, 'Baixo', 2),
(14, NULL, NULL, 'Nenhum', NULL),
(15, 5, 1, 'Moderado', 2),
(16, 21, 1, 'Muito alto', NULL),
(17, 6, 4, 'Muito alto', 4),
(18, 6, 2, 'Muito alto', 2),
(19, 6, 2, 'Moderado', 2),
(20, 4, 2, 'Baixo', 0),
(21, 5, 4, 'Moderado', 4),
(22, 11, 2, 'Moderado', 2),
(23, 5, 1, 'Moderado', 2),
(24, 5, 4, 'Baixo', 2),
(25, 6, 2, 'Alto', 2),
(26, 6, 1, 'Moderado', 2),
(27, 7, 4, 'Alto', 2),
(28, 3, 1, 'Moderado', 2),
(29, 7, 4, 'Alto', 2),
(30, 6, 2, 'Moderado', 2);


INSERT INTO Professor (CPF, Nome, Rua, Num, CEP)
VALUES ('123.456.789-01', 'Izabel Malheiros', 'Rua das Acácias', 415, '31045-210'),
       ('234.567.890-12', 'Walter Santos', 'Avenida Brasil', 782, '32056-430'),
       ('345.678.901-23', 'Diogo Vieira', 'Rua Floriano Peixoto', 156, '33067-540'),
       ('456.789.012-34', 'Mário Mazullo', 'Rua Dom Pedro II', 921, '34078-650'),
       ('567.890.123-45', 'Luciana Santos', 'Rua Marechal Deodoro', 348, '35089-760'),
       ('678.901.234-56', 'Wellington Estima', 'Rua da Aurora', 507, '36090-870'),
       ('789.012.345-67', 'Nísia Aragão', 'Avenida Recife', 113, '37012-980'),
       ('890.123.456-78', 'Paulo Wendel', 'Rua das Palmeiras', 664, '38023-090'),
       ('901.234.567-89', 'Davi Morato', 'Rua Frei Caneca', 275, '39034-200'),
       ('012.345.678-90', 'Ulisses Muliterno', 'Rua Santa Cruz', 842, '40045-310'),
       ('135.246.356-91', 'Luiza Xavier', 'Rua Monte Castelo', 129, '41056-420'),
       ('246.437.468-02', 'Marina Yanes', 'Rua Sete de Setembro', 903, '42067-530'),
       ('357.468.579-13', 'Natan Zico', 'Rua José Bonifácio', 311, '43078-640'),
       ('468.579.680-24', 'Otavio Alves', 'Rua Benjamin Constant', 742, '44089-750'),
       ('579.680.791-35', 'Patricia Borges', 'Rua Santo Antônio', 258, '45090-860'),
       ('680.791.802-46', 'Rubens Castro', 'Rua Joaquim Nabuco', 634, '46012-970'),
       ('791.802.913-57', 'Sonia Duarte', 'Avenida Independência', 487, '47023-080'),
       ('802.913.024-68', 'Tiago Esteves', 'Rua Padre Cícero', 322, '48034-190'),
       ('913.024.135-79', 'Ursula Fonseca', 'Rua Bela Vista', 759, '49045-200'),
       ('024.135.246-80', 'Vitor Guimarães', 'Rua Dom Bosco', 188, '50056-310'),
       ('135.246.357-91', 'Wanda Henriques', 'Rua São João', 594, '51067-420'),
       ('246.357.468-02', 'Xena Igor', 'Rua Projetada Leste', 401, '52078-530'),
       ('357.468.579-17', 'Yasmin Jorge', 'Rua Getúlio Vargas', 222, '53089-640'),
       ('487.579.680-24', 'Zeze Kilber', 'Rua das Flores', 845, '54090-750'),
       ('579.770.791-35', 'Alana Lopes', 'Rua Padre Anchieta', 503, '55012-860'),
       ('660.791.102-46', 'Bianca Mendes', 'Rua São Pedro', 310, '56023-970'),
       ('791.982.913-57', 'Carlos Nogueira', 'Avenida Tiradentes', 775, '57034-080'),
       ('802.934.024-68', 'Dora Ornelas', 'Rua José do Patrocínio', 492, '58045-190'),
       ('913.454.135-79', 'Eduardo Pires', 'Rua da Liberdade', 156, '59056-200'),
       ('024.345.246-80', 'Fatima Queiroz', 'Rua Marechal Hermes', 689, '60067-310');

INSERT INTO Efetivado (Id_Prof, Salario, Data_Concurso, Regime) VALUES
(1, 7500.00, '2015-05-10', 'Integral'),
(2, 8200.50, '2016-03-20', 'Integral'),
(3, 6800.75, '2017-08-15', 'Parcial'),
(4, 9100.00, '2018-01-05', 'Integral'),
(5, 7800.25, '2019-06-30', 'Integral'),
(6, 8500.00, '2020-02-12', 'Integral'),
(7, 7200.50, '2021-04-25', 'Parcial'),
(8, 9500.00, '2022-09-01', 'Integral'),
(9, 8800.75, '2023-01-18', 'Integral'),
(10, 7900.25, '2023-07-22', 'Parcial'),
(11, 8400.00, '2015-08-10', 'Integral'),
(12, 9200.50, '2016-09-20', 'Integral'),
(13, 7000.75, '2017-10-15', 'Parcial'),
(14, 9800.00, '2018-11-05', 'Integral'),
(15, 8100.25, '2019-12-30', 'Integral'),
(16, 8700.00, '2020-10-12', 'Integral'),
(17, 7400.50, '2021-09-25', 'Parcial'),
(18, 9900.00, '2022-08-01', 'Integral'),
(19, 8900.75, '2023-07-18', 'Integral'),
(20, 8000.25, '2023-08-22', 'Parcial');

INSERT INTO Temporario (Id_Prof, Inicio, Fim, Remuneracao) VALUES
(21, '2025-09-15', '2026-03-15', 3750.00),
(22, '2025-10-20', '2026-04-20', 4050.00),
(23, '2025-11-25', '2026-05-25', 3350.00),
(24, '2025-12-10', '2026-06-10', 4150.00),
(25, '2026-01-05', '2026-07-05', 3850.00),
(26, '2026-02-15', '2026-08-15', 3950.00),
(27, '2026-03-01', '2026-09-01', 3550.00),
(28, '2026-04-20', '2026-10-20', 4350.00),
(29, '2026-05-05', '2026-11-05', 3950.00),
(30, '2026-06-10', '2026-12-10', 3650.00);


INSERT INTO Turma (Nome, Ano)
VALUES ('Turma A', 2023), 
       ('Turma B', 2023),
       ('Turma C', 2023),
       ('Turma D', 2023),
       ('Turma E', 2023),
       ('Turma F', 2023),
       ('Turma G', 2023),
       ('Turma H', 2023),
       ('Turma I', 2023),
       ('Turma J', 2023),
       ('Turma K', 2024),
       ('Turma L', 2024),
       ('Turma M', 2024),
       ('Turma N', 2024),
       ('Turma O', 2024),
       ('Turma P', 2024),
       ('Turma Q', 2024),
       ('Turma R', 2024),
       ('Turma S', 2024),
       ('Turma T', 2024),
       ('Turma U', 2024),
       ('Turma V', 2024),
       ('Turma W', 2024),
       ('Turma X', 2024),
       ('Turma Y', 2024),
       ('Turma Z', 2024),
       ('Turma A1', 2025),
       ('Turma B1', 2025),
       ('Turma C1', 2025),
       ('Turma D1', 2025);

INSERT INTO Recurso (tipo, localizacao) VALUES
('Projetor', 'Sala 101'),
('Computador', 'Sala 102'),
('Quadro Interativo', 'Sala 103'),
('Laboratório de Química', 'Bloco B'),
('Laboratório de Física', 'Bloco C'),
('Projetor', 'Sala 201'),
('Computador', 'Sala 202'),
('Quadro Interativo', 'Sala 203'),
('Laboratório de Biologia', 'Bloco D'),
('Microscópio', 'Laboratório 10');

INSERT INTO Utiliza (Id_Turma, Id_Recurso, Data, Hora, Observacao) VALUES
(1, 1, '2023-03-01', '08:00:00', 'Usado em aula de Matemática'),
(2, 2, '2023-03-02', '09:30:00', 'Laboratório de Programação'),
(3, 3, '2023-03-03', '11:00:00', 'Apresentação de trabalhos'),
(4, 4, '2023-03-04', '14:00:00', 'Experimento prático de Química'),
(5, 5, '2023-03-05', '15:00:00', 'Aula prática de Física'),
(6, 6, '2023-03-06', '08:00:00', 'Usado em apresentação de seminário'),
(7, 7, '2023-03-07', '09:00:00', 'Laboratório de informática'),
(8, 8, '2023-03-08', '10:30:00', 'Aula interativa de História'),
(9, 9, '2023-03-09', '11:00:00', 'Prática de biologia'),
(10, 10, '2023-03-10', '13:00:00', 'Uso em aula de microscopia');

INSERT INTO Matricula (Data, Id_Aluno) VALUES
('2023-03-01', 1), 
('2023-03-02', 2), 
('2023-03-03', 3), 
('2023-03-04', 4),
('2023-03-05', 5),
('2023-03-06', 6), 
('2023-03-07', 7), 
('2023-03-08', 8), 
('2023-03-09', 9), 
('2023-03-10', 10),
('2023-04-01', 11), 
('2023-04-02', 12), 
('2023-04-03', 13), 
('2023-04-04', 14), 
('2023-04-05', 15),
('2023-04-06', 16), 
('2023-04-07', 17), 
('2023-04-08', 18),
('2023-04-09', 19), 
('2023-04-10', 20),
('2023-05-01', 21), 
('2023-05-02', 22), 
('2023-05-03', 23), 
('2023-05-04', 24), 
('2023-05-05', 25),
('2023-05-06', 26), 
('2023-05-07', 27), 
('2023-05-08', 28), 
('2023-05-09', 29), 
('2023-05-10', 30),
('2023-05-01', 31), 
('2023-05-02', 32), 
('2023-05-03', 33), 
('2023-05-04', 34), 
('2023-05-05', 35),
('2023-05-06', 36), 
('2023-05-07', 37), 
('2023-05-08', 38), 
('2023-05-09', 39);




INSERT INTO Disciplina (Nome, Carga_Horaria, Id_Aluno, Id_Turma)
VALUES ('Matemática', 60, 1, 1), 
       ('Física', 45, 2, 2),
       ('Química', 50, 3, 3), 
       ('Biologia', 60, 4, 4),
       ('História', 40, 5, 5), 
       ('Geografia', 40, 6, 6), 
       ('Português', 80, 7, 7), 
       ('Inglês', 40, 8, 8),
       ('Artes', 30, 9, 9), 
       ('Educação Física', 30, 10, 10), 
       ('Sociologia', 45, 11, 11), 
       ('Filosofia', 45, 12, 12),
       ('Literatura', 60, 13, 13), 
       ('Redação', 40, 14, 14), 
       ('Programação', 80, 15, 15), 
       ('Banco de Dados', 60, 16, 16),
       ('Sistemas Operacionais', 60, 17, 17), 
       ('Redes de Computadores', 45, 18, 18), 
       ('Cálculo', 90, 19, 19), 
       ('Geometria', 60, 20, 20),
       ('Física Moderna', 50, 21, 21), 
       ('Genética', 50, 22, 22), 
       ('Microeconomia', 45, 23, 23), 
       ('Macroeconomia', 45, 24, 24),
       ('Estatística', 60, 25, 25), 
       ('Introdução ao Direito', 40, 26, 26), 
       ('Psicologia', 50, 27, 27), 
       ('Contabilidade', 60, 28, 28),
       ('Marketing Digital', 45, 29, 29), 
       ('Gestão de Projetos', 60, 30, 30); 

INSERT INTO Avaliacao (Valor, Data, Id_Aluno, Id_Disc) VALUES
(8.5, '2023-04-10', 1, 1), 
(7.0, '2023-04-11', 2, 2), 
(9.2, '2023-04-12', 3, 3), 
(6.5, '2023-04-13', 4, 4),
(10.0, '2023-04-14', 5, 5), 
(7.8, '2023-04-15', 6, 6), 
(8.9, '2023-04-16', 7, 7), 
(9.5, '2023-04-17', 8, 8),
(6.0, '2023-04-18', 9, 9), 
(8.1, '2023-04-19', 10, 10), 
(7.7, '2023-05-10', 11, 11), 
(8.8, '2023-05-11', 12, 12),
(9.1, '2023-05-12', 13, 13), 
(6.9, '2023-05-13', 14, 14), 
(9.4, '2023-05-14', 15, 15), 
(8.3, '2023-05-15', 16, 16),
(7.5, '2023-05-16', 17, 17), 
(9.8, '2023-05-17', 18, 18), 
(7.2, '2023-05-18', 19, 19), 
(8.6, '2023-05-19', 20, 20),
(9.0, '2023-06-10', 21, 21), 
(6.8, '2023-06-11', 22, 22), 
(8.4, '2023-06-12', 23, 23), 
(7.9, '2023-06-13', 24, 24),
(9.6, '2023-06-14', 25, 25), 
(7.1, '2023-06-15', 26, 26), 
(8.0, '2023-06-16', 27, 27), 
(9.3, '2023-06-17', 28, 28),
(6.7, '2023-06-18', 29, 29), 
(8.2, '2023-06-19', 30, 30), 
(7.7, '2023-05-10', 31, 31), 
(8.8, '2023-05-11', 32, 32),
(9.1, '2023-05-12', 33, 33), 
(6.9, '2023-05-13', 34, 34), 
(9.4, '2023-05-14', 35, 35), 
(8.3, '2023-05-15', 36, 36),
(7.5, '2023-05-16', 37, 37), 
(9.8, '2023-05-17', 38, 38), 
(7.2, '2023-05-18', 39, 39);

INSERT INTO Utiliza (Id_Turma, Id_Recurso, Data, Hora, Observacao) VALUES
(1, 1, '2023-03-01', '08:00:00', 'Usado em aula de Matemática'),
(2, 2, '2023-03-02', '09:30:00', 'Laboratório de Programação'),
(3, 3, '2023-03-03', '11:00:00', 'Apresentação de trabalhos'),
(4, 4, '2023-03-04', '14:00:00', 'Experimento prático de Química'),
(5, 5, '2023-03-05', '15:30:00', 'Aula prática de Física'),
(6, 6, '2023-03-06', '08:00:00', 'Usado em apresentação de seminário'),
(7, 7, '2023-03-07', '09:30:00', 'Laboratório de informática'),
(8, 8, '2023-03-08', '11:00:00', 'Aula interativa de História'),
(9, 9, '2023-03-09', '14:00:00', 'Prática de biologia'),
(10, 10, '2023-03-10', '15:30:00', 'Uso em aula de microscopia'),
(11, 1, '2023-03-11', '08:00:00', 'Aula de sociologia'),
(12, 2, '2023-03-12', '09:30:00', 'Aula de filosofia'),
(13, 3, '2023-03-13', '11:00:00', 'Aula de literatura'),
(14, 4, '2023-03-14', '14:00:00', 'Aula de redação'),
(15, 5, '2023-03-15', '15:30:00', 'Aula de programação'),
(16, 6, '2023-03-16', '08:00:00', 'Aula de banco de dados'),
(17, 7, '2023-03-17', '09:30:00', 'Aula de sistemas operacionais'),
(18, 8, '2023-03-18', '11:00:00', 'Aula de redes'),
(19, 9, '2023-03-19', '14:00:00', 'Aula de cálculo'),
(20, 10, '2023-03-20', '15:30:00', 'Aula de geometria'),
(21, 1, '2023-03-21', '08:00:00', 'Aula de física moderna'),
(22, 2, '2023-03-22', '09:30:00', 'Aula de genética'),
(23, 3, '2023-03-23', '11:00:00', 'Aula de microeconomia'),
(24, 4, '2023-03-24', '14:00:00', 'Aula de macroeconomia'),
(25, 5, '2023-03-25', '15:30:00', 'Aula de estatística'),
(26, 6, '2023-03-26', '08:00:00', 'Aula de direito'),
(27, 7, '2023-03-27', '09:30:00', 'Aula de psicologia'),
(28, 8, '2023-03-28', '11:00:00', 'Aula de contabilidade'),
(29, 9, '2023-03-29', '14:00:00', 'Aula de marketing'),
(30, 10, '2023-03-30', '15:30:00', 'Aula de gestão');

INSERT INTO Telefone (Numero, Id_Aluno, Id_Prof) VALUES
('(81) 98765-0001', 1, NULL), 
('(81) 97654-1001', 1, NULL), 
('(81) 98765-0002', 2, NULL), 
('(81) 98765-0003', 3, NULL),
('(81) 98765-0004', 4, NULL), 
('(81) 97654-1004', 4, NULL), 
('(81) 98765-0005', 5, NULL), 
('(81) 98765-0006', 6, NULL),
('(81) 98765-0007', 7, NULL), 
('(81) 98765-0008', 8, NULL), 
('(81) 98765-0009', 9, NULL), 
('(81) 98765-0010', 10, NULL),
('(81) 98765-0011', 11, NULL), 
('(81) 98765-0012', 12, NULL), 
('(81) 98765-0013', 13, NULL), 
('(81) 98765-0014', 14, NULL),
('(81) 98765-0015', 15, NULL), 
('(81) 98765-0016', 16, NULL), 
('(81) 98765-0017', 17, NULL),
('(81) 98765-0018', 18, NULL),
('(81) 98765-0019', 19, NULL), 
('(81) 98765-0020', 20, NULL), 
('(81) 97654-1020', 20, NULL), 
('(81) 98765-0021', 21, NULL),
('(81) 98765-0022', 22, NULL), 
('(81) 98765-0023', 23, NULL), 
('(81) 98765-0024', 24, NULL), 
('(81) 98765-0025', 25, NULL),
('(81) 98765-0026', 26, NULL), 
('(81) 98765-0027', 27, NULL), 
('(81) 98765-0028', 28, NULL), 
('(81) 98765-0029', 29, NULL),
('(81) 98765-0030', 30, NULL), 
('(81) 97654-1030', 30, NULL), 
('(81) 98765-9836', 31, NULL), 
('(81) 98765-1234', 32, NULL),
('(81) 98765-5566', 33, NULL), 
('(81) 98765-8787', 34, NULL), 
('(81) 98765-9832', 35, NULL), 
('(81) 98765-1964', 36, NULL),
('(81) 98765-3792', 37, NULL), 
('(81) 98765-2538', 38, NULL), 
('(81) 98765-1285', 39, NULL),
('(81) 98888-1001', NULL, 1), 
('(81) 98888-1002', NULL, 2), 
('(81) 98888-1003', NULL, 3), 
('(81) 98888-1004', NULL, 4),
('(81) 98888-1005', NULL, 5), 
('(81) 98888-1006', NULL, 6), 
('(81) 98888-1007', NULL, 7), 
('(81) 98888-1008', NULL, 8),
('(81) 98888-1009', NULL, 9), 
('(81) 98888-1010', NULL, 10), 
('(81) 98888-1011', NULL, 11), 
('(81) 98888-1012', NULL, 12),
('(81) 98888-1013', NULL, 13), 
('(81) 98888-1014', NULL, 14), 
('(81) 98888-1015', NULL, 15), 
('(81) 98888-1016', NULL, 16),
('(81) 98888-1017', NULL, 17), 
('(81) 98888-1018', NULL, 18), 
('(81) 98888-1019', NULL, 19), 
('(81) 98888-1020', NULL, 20),
('(81) 98888-1021', NULL, 21), 
('(81) 98888-1022', NULL, 22), 
('(81) 98888-1023', NULL, 23), 
('(81) 98888-1024', NULL, 24),
('(81) 98888-1025', NULL, 25), 
('(81) 98888-1026', NULL, 26), 
('(81) 98888-1027', NULL, 27), 
('(81) 98888-1028', NULL, 28),
('(81) 98888-1029', NULL, 29), 
('(81) 98888-1030', NULL, 30), 
('(81) 97777-1030', NULL, 30);

INSERT INTO Email (Email, Id_Aluno, Id_Prof) VALUES
('marina.hoffmann@gmail.com', 1, NULL), 
('maria.julia.gomes@gmail.com', 2, NULL), 
('tiago.cavalcanti@gmail.com', 3, NULL), 
('julia.moscariello@hotmail.com', 4, NULL),
('julia.araujo@gmail.com', 5, NULL), 
('manuela.pitanga@outlook.com', 6, NULL), 
('joao.mafra@gmail.com', 7, NULL), 
('wilson.lourenco@gmail.com', 8, NULL),
('alana.vitoria@hotmail.com', 9, NULL), 
('sara.paterson@gmail.com', 10, NULL), 
('catarina@gmail.com', 11, NULL), 
('artur.dafonte@hotmail.com', 12, NULL),
('gustavo.ferreira@gmail.com', 13, NULL), 
('carlos.augusto@gmail.com', 14, NULL), 
('beatriz.amaral@hotmail.com', 15, NULL), 
('maria.helena@gmail.com', 16, NULL),
('lavinia.silva@gmail.com', 17, NULL), 
('lucas.campos@gmail.com', 18, NULL), 
('joao.astle@hotmail.com', 19, NULL), 
('lucas@gmail.com', 20, NULL),
('rafael.araujo@gmail.com', 21, NULL), 
('fernanda.alvarez@hotmail.com', 22, NULL), 
('luanne.fernandes@gmail.com', 23, NULL), 
('mateus.henrique@gmail.com', 24, NULL),
('maria.fernanda@gmail.com', 25, NULL), 
('adrian.michael@hotmail.com', 26, NULL), 
('julia@gmail.com', 27, NULL), 
('miguel.arcanjo@gmail.com', 28, NULL),
('joao.henrique@gmail.com', 29, NULL), 
('marcus@gmail.com', 30, NULL), 
('neto@gmail.com', 31, NULL), 
('pedro.vinicius@gmail.com', 32, NULL),
('davi@gmail.com', 33, NULL), 
('thiago@gmail.com', 34, NULL), 
('luiz.gustavo@gmail.com', 35, NULL), 
('luiz.claudio@hotmail.com', 36, NULL),
('vitor.cesar@gmail.com', 37, NULL), 
('maria.alice@gmail.com', 38, NULL),
('guilherme.mourao@gmail.com', 39, NULL),
('izabel.malheiros@gmail.com', NULL, 1), 
('walter.santos@hotmail.com', NULL, 2), 
('diogo.vieira@outlook.com', NULL, 3), 
('mario.mazullo@gmail.com', NULL, 4),
('luciana.santos@hotmail.com', NULL, 5), 
('wellington.estima@outlook.com', NULL, 6), 
('nisia.aragao@gmail.com', NULL, 7), 
('paulo.wendel@hotmail.com', NULL, 8),
('davi.morato@outlook.com', NULL, 9), 
('ulisses.muliterno@gmail.com', NULL, 10), 
('luiza.xavier@hotmail.com', NULL, 11), 
('marina.yanes@outlook.com', NULL, 12),
('natan.zico@gmail.com', NULL, 13), 
('otavio.alves@hotmail.com', NULL, 14), 
('patricia.borges@outlook.com', NULL, 15), 
('rubens.castro@gmail.com', NULL, 16),
('sonia.duarte@hotmail.com', NULL, 17), 
('tiago.esteves@outlook.com', NULL, 18), 
('ursula.fonseca@gmail.com', NULL, 19), 
('vitor.guimaraes@hotmail.com', NULL, 20),
('wanda.henriques@outlook.com', NULL, 21), 
('xena.igor@gmail.com', NULL, 22), 
('yasmin.jorge@hotmail.com', NULL, 23), 
('zeze.kilber@outlook.com', NULL, 24),
('alana.lopes@gmail.com', NULL, 25), 
('bianca.mendes@hotmail.com', NULL, 26), 
('carlos.nogueira@outlook.com', NULL, 27), 
('dora.ornelas@gmail.com', NULL, 28),
('eduardo.pires@hotmail.com', NULL, 29), 
('fatima.queiroz@outlook.com', NULL, 30);

INSERT INTO Pagamento (Status, Valor, Data, Id_Aluno) VALUES
('Pago', 2800.00, '2023-03-01', 1), 
('Pago', 0.00, '2023-03-02', 2), 
('Pendente', 2600.00, '2023-03-03', 3), 
('Pago', 2079.00, '2023-03-04', 4),
('Pago', 0.00, '2023-03-05', 5), 
('Pendente', 1300.00, '2023-03-06', 6), 
('Pago', 2700.00, '2023-03-07', 7), 
('Pago', 1000.00, '2023-03-08', 8),
('Pendente', 0.00, '2023-03-09', 9), 
('Pago', 0.00, '2023-03-10', 10), 
('Pago', 0.00, '2023-03-11', 11), 
('Pendente', 2600.00, '2023-03-12', 12),
('Pago', 0.00, '2023-03-13', 13), 
('Pago', 0.00, '2023-03-14', 14), 
('Pendente', 720.00, '2023-03-15', 15), 
('Pago', 500.00, '2023-03-16', 16),
('Pago', 2700.00, '2023-03-17', 17), 
('Pendente', 2800.00, '2023-03-18', 18), 
('Pago', 2500.00, '2023-03-19', 19), 
('Pago', 0.00, '2023-03-20', 20),
('Pendente', 0.00, '2023-03-21', 21), 
('Pago', 10252.00, '2023-03-22', 22), 
('Pago', 130.00, '2023-03-23', 23), 
('Pago', 0.00, '2023-03-24', 24),
('Pago', 2500.00, '2023-03-25', 25), 
('Pago', 2500.00, '2023-03-26', 26), 
('Pago', 0.00, '2023-03-27', 27), 
('Pago', 2500.00, '2023-03-28', 28),
('Pago', 1500.00, '2023-03-29', 29), 
('Pendente', 0.00, '2023-03-30', 30), 
('Pendente', 600.00, '2023-03-21', 31),
 ('Pago', 1.00, '2023-03-22', 32),
('Pago', 2000.00, '2023-03-23', 33), 
('Pendente', 2500.00, '2023-03-24', 34), 
('Pago', 2500.00, '2023-03-25', 35), 
('Pago', 2273.00, '2023-03-26', 36),
('Pendente', 2340.00, '2023-03-27', 37), 
('Pago', 2200.00, '2023-03-28', 38), 
('Pago', 2700.00, '2023-03-29', 39);

INSERT INTO Proj_Extensao (Nome, Descricao, Id_Prof) VALUES
('Projeto Alfa', 'Projeto de Tecnologia', 1), 
('Projeto Beta', 'Projeto de Meio Ambiente', 2), 
('Projeto Gamma', 'Projeto de Saúde', 3),
('Projeto Delta', 'Projeto de Educação', 4), 
('Projeto Epsilon', 'Projeto de Cultura', 5), 
('Projeto Zeta', 'Projeto de Ciência', 6),
('Projeto Eta', 'Projeto de Esportes', 7), 
('Projeto Theta', 'Projeto de Arte', 8), 
('Projeto Iota', 'Projeto de Engenharia', 9),
('Projeto Kappa', 'Projeto de Negócios', 10), 
('Projeto Lambda', 'Projeto de Tecnologia', 11), 
('Projeto Mu', 'Projeto de Meio Ambiente', 12),
('Projeto Nu', 'Projeto de Saúde', 13), 
('Projeto Xi', 'Projeto de Educação', 14), 
('Projeto Omicron', 'Projeto de Cultura', 15),
('Projeto Pi', 'Projeto de Ciência', 16), 
('Projeto Rho', 'Projeto de Esportes', 17), 
('Projeto Sigma', 'Projeto de Arte', 18),
('Projeto Tau', 'Projeto de Engenharia', 19), 
('Projeto Upsilon', 'Projeto de Negócios', 20), 
('Projeto Phi', 'Projeto de Tecnologia', 21),
('Projeto Chi', 'Projeto de Meio Ambiente', 22), 
('Projeto Psi', 'Projeto de Saúde', 23), 
('Projeto Omega', 'Projeto de Educação', 24),
('Projeto AA', 'Projeto de Cultura', 25), 
('Projeto BB', 'Projeto de Ciência', 26), 
('Projeto CC', 'Projeto de Esportes', 27),
('Projeto DD', 'Projeto de Arte', 28), 
('Projeto EE', 'Projeto de Engenharia', 29), 
('Projeto FF', 'Projeto de Negócios', 30);

INSERT INTO Conselho (Descricao, Data, Id_Prof) VALUES
('Conselho de Cursos', '2023-01-10', 1), 
('Conselho de Pesquisa', '2023-02-15', 2),
 ('Conselho Administrativo', '2023-03-20', 3),
('Conselho de Disciplina', '2023-04-25', 4), 
('Conselho de Ética', '2023-05-30', 5), 
('Conselho de Cursos', '2023-06-10', 6),
('Conselho de Pesquisa', '2023-07-15', 7), 
('Conselho Administrativo', '2023-08-20', 8), 
('Conselho de Disciplina', '2023-09-25', 9),
('Conselho de Ética', '2023-10-30', 10), 
('Conselho de Cursos', '2023-11-10', 11), 
('Conselho de Pesquisa', '2023-12-15', 12),
('Conselho Administrativo', '2024-01-20', 13), 
('Conselho de Disciplina', '2024-02-25', 14), 
('Conselho de Ética', '2024-03-30', 15),
('Conselho de Cursos', '2024-04-10', 16),
 ('Conselho de Pesquisa', '2024-05-15', 17), 
('Conselho Administrativo', '2024-06-20', 18),
('Conselho de Disciplina', '2024-07-25', 19), 
('Conselho de Ética', '2024-08-30', 20), 
('Conselho de Cursos', '2024-09-10', 21),
('Conselho de Pesquisa', '2024-10-15', 22), 
('Conselho Administrativo', '2024-11-20', 23), 
('Conselho de Disciplina', '2024-12-25', 24),
('Conselho de Ética', '2025-01-30', 25), 
('Conselho de Cursos', '2025-02-10', 26), 
('Conselho de Pesquisa', '2025-03-15', 27),
('Conselho Administrativo', '2025-04-20', 28), 
('Conselho de Disciplina', '2025-05-25', 29), 
('Conselho de Ética', '2025-06-30', 30);

